{"layers":[10,11,12,13,14],"dag":[[13,[5004]],[14,[5002]],[11,[5006]],[12,[5007,5003,5005]],[1,[14,12,13,11,10]],[10,[5001]]],"symmetries":[],"names":[[5001,"hide, hooves, and tail"],[13,"circulatory system layer"],[5006,"skeleton"],[5002,"brain and cranial nerves and eyeballs"],[5002,"brain"],[5002,"cranial nerves"],[5002,"eyeballs"],[14,"nervous_system_layer"],[5007,"urinary and reproductive systems"],[5007,"reproductive system"],[5007,"urinary system"],[11,"skeletal layer"],[11,"bones"],[12,"organs layer"],[10,"surface layer"]],"leafs":[[5001,"body"],[5006,"skeletal"],[5003,"digestive_system"],[5002,"brain_cranial_nerves"],[5007,"urinary_reproductive_system"],[5004,"circulatory_system"],[5005,"respiratory_system"]],"hidden":[1,10,11,12,13,14],"nodes":[[13,"circulatory_system_layer"],[14,"nervous_system_layer"],[11,"skeletal_layer"],[12,"organs_layer"],[1,"cow_body"],[10,"surface_layer"]],"sublayers":[]}